"0","'Import the component K1DI2'"
"1","[1]"
"1"," ""Import the component K1DI2"""
"1","
"
"0","'Read the file as String'"
"1","[1]"
"1"," ""Read the file as String"""
"1","
"
"0","k1di2_string <- read_file(""Data/Komponente/Komponente_K1DI2.txt"")"
"0","  "
"0","'replace the delimter with more common delimiter and save the document as csv-file in the directory'"
"1","[1]"
"1"," ""replace the delimter with more common delimiter and save the document as csv-file in the directory"""
"1","
"
"0","k1di2_csv <- gsub(""\\\\"", "";"", k1di2_string)"
"0","k1di2_csv <- paste(""\""\"","" , k1di2_csv, sep = """")"
"0","k1di2_csv <- gsub(""\t"", ""\n"", k1di2_csv)"
"0","write(k1di2_csv, file = ""Data/Komponente/Komponente_K1DI2.csv"")"
"0","  "
"0","'import the saved csv-file'"
"1","[1]"
"1"," ""import the saved csv-file"""
"1","
"
"0","k1di2 <- as.tibble(read.csv2(""Data/Komponente/Komponente_K1DI2.csv"", stringsAsFactors = FALSE))"
"0","  "
"0","'Import the Spare Part T01'"
"1","[1]"
"1"," ""Import the Spare Part T01"""
"1","
"
"0","'Read the file as String'"
"1","[1]"
"1"," ""Read the file as String"""
"1","
"
"0","t01_string <- read_file(""Data/Einzelteil/Einzelteil_T01.txt"")"
"0","  "
"0","'replace the delimter with more common delimiter and save the document as csv-file in the directory'"
"1","[1]"
"1"," ""replace the delimter with more common delimiter and save the document as csv-file in the directory"""
"1","
"
"0","t01_csv <- gsub("" \\| \\| "", "","", t01_string)"
"0","t01_csv <- paste(""\""\"","" , t01_csv, sep = """")"
"0","t01_csv <- gsub("" "", ""\n"", t01_csv)"
"0","write(t01_csv, file = ""Data/Einzelteil/Einzelteil_T01.csv"")"
"0","  "
"0","'import the saved csv-file'"
"1","[1]"
"1"," ""import the saved csv-file"""
"1","
"
"0","'Import it with the utils package because with the readr package we would have a parsing error and a lot of data is shown as NA even though there is data. The parsing error happens because the data is split on different columns'"
"1","[1]"
"1"," ""Import it with the utils package because with the readr package we would have a parsing error and a lot of data is shown as NA even though there is data. The parsing error happens because the data is split on different columns"""
"1","
"
"0","t01 <- as.tibble(read.csv(""Data/Einzelteil/Einzelteil_T01.csv"", stringsAsFactors = FALSE))"
