"0","'Split the three different parts into three different datasets'"
"1","[1]"
"1"," ""Split the three different parts into three different datasets"""
"1","
"
"0","t01_part1 <- filter(t01, !is.na(ID_T01.x)) "
"0","t01_part2 <- filter(t01, !is.na(ID_T01.y))"
"0","t01_part3 <- filter(t01, !is.na(ID_T01))"
"0","'remove the empty and not needed columns for each dataset'"
"1","[1]"
"1"," ""remove the empty and not needed columns for each dataset"""
"1","
"
"0","t01_part1 <- t01_part1[, c(-1:-2, -10:-23)] "
"0","t01_part2 <- t01_part2[, c(-1:-9, -17:-23)]"
"0","t01_part3 <- t01_part3[, c(-1:-16)]"
"0","'give the column the same name  so we can bind them again. Give them a T1 ending to seperate when joining the columns from similar ones related to cars or components'"
"1","[1]"
"1"," ""give the column the same name  so we can bind them again. Give them a T1 ending to seperate when joining the columns from similar ones related to cars or components"""
"1","
"
"0","colnames(t01_part3) <- c(""ID_T1"", ""Produktionsdatum_T1"", ""Hersteller_T1"",""Werksnummer_T1"", ""Fehlerhaft_T1"", ""Fehlerhaft_Datum_T1"", ""Fehlerhaft_Fahrleistung_T1"" )"
"0","colnames(t01_part2) <- colnames(t01_part3)"
"0","colnames(t01_part1) <- colnames(t01_part3)"
"0","'Connect the three datasets to one dataset'"
"1","[1]"
"1"," ""Connect the three datasets to one dataset"""
"1","
"
"0","t01_clean <- rbind(t01_part1, t01_part2, t01_part3)"
"0","'turn Produktionsdatum and Fehlerhaft_Datum into date class'"
"1","[1]"
"1"," ""turn Produktionsdatum and Fehlerhaft_Datum into date class"""
"1","
"
"0","t01_clean$Produktionsdatum_T1 <- as.Date(t01_clean$Produktionsdatum_T1, format = ""%Y-%m-%d"")"
"0","t01_clean$Fehlerhaft_Datum_T1 <- as.Date(t01_clean$Fehlerhaft_Datum_T1, format = ""%Y-%m-%d"")"
