"0","#Load the documents"
"0","komponent <- read.csv(""Data/Logistikverzug/komponente_k7.csv"", header=TRUE, sep="";"", stringsAsFactors = FALSE)"
"0","logistik <- read.csv(""Data/Logistikverzug/Logistikverzug_K7.csv"", header=TRUE, sep="";"", stringsAsFactors = FALSE)"
"0","#Join the data"
"0","logistik_komponent <- left_join(logistik,komponent,by=c(""X"",""IDNummer"",""Werksnummer"",""Herstellernummer""),suffix = c("".1"", "".2""))"
"0","#Change the format of the Data Wareneingang and Produktionsdatum to a date attribute"
"0","logistik_komponent$Wareneingang<-as.Date(logistik_komponent$Wareneingang,""%d.%m.%Y"")"
"0","logistik_komponent$Produktionsdatum<-as.Date(logistik_komponent$Produktionsdatum,""%Y-%m-%d"")"
"0","logistikverzug <- mutate(logistik_komponent, Logistikverzug = Wareneingang - Produktionsdatum) %>%"
"0","  select(IDNummer, Logistikverzug)"
