{"chunk_definitions":[{"chunk_id":"cravyd7o8um6b","chunk_label":"unnamed-chunk-2","document_id":"679C86B5","expansion_state":0,"options":{"engine":"r","label":"unnamed-chunk-2","message":false,"warning":false},"row":31,"row_count":1,"visible":true},{"chunk_id":"c07fahdws6wfh","chunk_label":"unnamed-chunk-5","document_id":"679C86B5","expansion_state":0,"options":{"engine":"r","label":"unnamed-chunk-3","message":false,"results":"hide","warning":false},"row":89,"row_count":1,"visible":true},{"chunk_id":"cb4u0if2x66dk","chunk_label":"unnamed-chunk-8","document_id":"679C86B5","expansion_state":0,"options":{"engine":"r","label":"unnamed-chunk-5","results":"hide"},"row":244,"row_count":1,"visible":true}],"doc_write_time":1553956802}