{"chunk_definitions":[{"chunk_id":"csrp4me6g45hm","chunk_label":"unnamed-chunk-8","document_id":"679C86B5","expansion_state":0,"options":{"engine":"r","label":"unnamed-chunk-6","results":"hide"},"row":249,"row_count":1,"visible":true},{"chunk_id":"cz3rqf3e90k42","chunk_label":"unnamed-chunk-9","document_id":"679C86B5","expansion_state":0,"options":{"engine":"r","label":"unnamed-chunk-7","results":"hide"},"row":288,"row_count":1,"visible":true},{"chunk_id":"c8mr6genm6xkt","chunk_label":"unnamed-chunk-10","document_id":"679C86B5","expansion_state":0,"options":{"engine":"r","label":"unnamed-chunk-10","results":"hide"},"row":308,"row_count":1,"visible":true},{"chunk_id":"cfrvq6hvf9g1s","chunk_label":"unnamed-chunk-11","document_id":"679C86B5","expansion_state":0,"options":{"engine":"r","label":"unnamed-chunk-8","results":"hide"},"row":333,"row_count":1,"visible":true},{"chunk_id":"c4bk8qcd6mkfy","chunk_label":"unnamed-chunk-12","document_id":"679C86B5","expansion_state":0,"options":{"engine":"r","label":"unnamed-chunk-11","results":"hide"},"row":352,"row_count":1,"visible":true},{"chunk_id":"cmkufqk1dzajm","chunk_label":"unnamed-chunk-13","document_id":"679C86B5","expansion_state":0,"options":{"engine":"r","label":"unnamed-chunk-12","results":"hide"},"row":363,"row_count":1,"visible":true},{"chunk_id":"cti772sm8l74w","chunk_label":"unnamed-chunk-14","document_id":"679C86B5","expansion_state":0,"options":{"engine":"r","label":"unnamed-chunk-13","results":"hide"},"row":376,"row_count":1,"visible":true},{"chunk_id":"c00ghiry07mqo","chunk_label":"unnamed-chunk-15","document_id":"679C86B5","expansion_state":0,"options":{"engine":"r","label":"unnamed-chunk-14","results":"hide"},"row":402,"row_count":1,"visible":true}],"doc_write_time":1553623984}